body,body_id_for_llm,deepseek,deepseek_inference_time
"“There are many values that we share in common with the Green Party and I am committed to working with them,” NDP Leader David Eby said Saturday.",1,"{""themes"": [""environment"", ""government_operations""], ""sentiment"": ""positive"", ""political_parties"": [""NDP"", ""GPC""], ""specific_themes"": null}",46.34089108399348
"Customs and Border Protection, in the last fiscal year, U.S. border patrol officers stopped people 23,721 times trying to cross illegally from Canada, more than double the 10,021 the year before.",2,"{""themes"": [""immigration""], ""sentiment"": ""neutral"", ""political_parties"": null, ""specific_themes"": null}",21.065731958005927
The Conservatives have been leading a procedural protest since Sept. 26 over the Liberal government’s refusal to fully comply with a June House of Commons motion calling on it to release documents related to a green technology fund.,3,"{""themes"": [""government_operations"", ""technology""], ""sentiment"": ""negative"", ""political_parties"": [""CPC"", ""LPC""], ""specific_themes"": null}",24.26228629099205
American voters and the rest of the world are about to get to know Minnesota Gov.,4,"{""themes"": [""government_operations""], ""sentiment"": ""neutral"", ""political_parties"": ""null"", ""specific_themes"": ""null""}",33.700337916990975
The Liberal Party declined to say whether it would change the rules for the leadership race and defended its existing policies for members.,5,"{""themes"": [""government_operations""], ""sentiment"": ""neutral"", ""political_parties"": ""LPC"", ""specific_themes"": null}",39.13633129200025
“We want to bring pharmaceuticals back to the country.,6,"{""themes"": [""health"", ""domestic_commerce""], ""sentiment"": ""positive"", ""political_parties"": ""null"", ""specific_themes"": ""null""}",23.491172915993957
"Spending on hobbies, toys and games scaled back notably after Nov. 21, wrote RBC economist Carrie Freestone — the day the tax break was announced.",7,"{""themes"": [""macroeconomics""], ""sentiment"": ""negative"", ""political_parties"": null, ""specific_themes"": [""public_finance""]}",24.302763750005397
The crowd cheered as he got back up and pumped his fist.,8,"{""themes"": null, ""sentiment"": ""positive"", ""political_parties"": null, ""specific_themes"": null}",40.649477750004735
"“The redesign is focused on the delivery of high-quality services and prioritizing the safety, protection and needs of children, youth and families,” the government said in response to questions from Global News.",9,"{""themes"": [""social_welfare""], ""sentiment"": ""positive"", ""political_parties"": null, ""specific_themes"": [""welfare_state""]}",41.74891304099583
"“I’m not yet convinced on Mark Carney,” said one MP who, like many others, believes the party would be best served by a new leader with broad experience in the business sector and who has political experience and who would also move the Liberals to the centre of the political spectrum.",10,"{""themes"": [""government_operations""], ""sentiment"": ""neutral"", ""political_parties"": [""LPC""], ""specific_themes"": null}",34.894911583993235
Miller is one of several ministers who fanned out across the country Wednesday to make announcements but faced a wave of questions about Trudeau’s political future.,11,"{""themes"": [""government_operations""], ""sentiment"": ""neutral"", ""political_parties"": ""LPC"", ""specific_themes"": null}",28.873656958996435
"There’s also a problem with barely discernible markings, Preisler added.",12,"{""themes"": null, ""sentiment"": ""negative"", ""political_parties"": null, ""specific_themes"": null}",21.540536542001064
"Trump's last vice president wouldn't let him cancel the election, refusing Trump's pressure, and defying the demands of an angry crowd that called for his hanging on Jan.",13,"{""themes"": [""government_operations""], ""sentiment"": ""negative"", ""political_parties"": null, ""specific_themes"": null}",32.971016374998726
"On Thursday, high profile BC United MLAs Todd Stone and Shirley Bond announced they would withdraw from the coming election; Mr.",14,"{""themes"": [""government_operations""], ""sentiment"": ""neutral"", ""political_parties"": null, ""specific_themes"": null}",24.907280041996273
"And this garage isn’t exactly heated, but they, other than some staining and some, you know, wear and tear, that probably came from having them as kids, they’re actually pretty well preserved.”",15,"{""themes"": [""housing""], ""sentiment"": ""neutral"", ""political_parties"": null, ""specific_themes"": null}",31.681205207991297
"She found his version rather implausible and, on the contrary, found that the version of the defendant, Madame Charette, was credible.”",16,"{""themes"": [""law_and_crime""], ""sentiment"": ""neutral"", ""political_parties"": ""null"", ""specific_themes"": ""null""}",31.63863625000522
"Gage, a lawyer with the group, said, “2021 was a wake-up call in B.C., where we had the heat dome in which more than 600 people died.",17,"{""themes"": [""health"", ""environment""], ""sentiment"": ""negative"", ""political_parties"": null, ""specific_themes"": null}",31.82122170799994
"In that respect, Sheldrick said it likely means less to passenger-vehicle transportation, where electric vehicles seem to be a better fit, and more to uses that require more power.",18,"{""themes"": [""transportation""], ""sentiment"": ""neutral"", ""political_parties"": null, ""specific_themes"": null}",22.997539084011805
"And while Liberal MPs were promised some sort of marketing campaign to boost their fortunes, the Conservatives produced slick TV ads that aired on legacy television networks.",19,"{""themes"": [""government_operations""], ""sentiment"": ""neutral"", ""political_parties"": [""LPC"", ""CPC""], ""specific_themes"": null}",26.171339958993485
Carney launched his campaign in a small room packed with supporters and several Liberal MPs.,20,"{""themes"": ""null"", ""sentiment"": ""neutral"", ""political_parties"": ""LPC"", ""specific_themes"": ""null""}",22.75121545800357
"“This abscondence of funds is concerning to KingSett that given the fact that (the borrowers) are indebted to KingSett for a combined $220,951,550.21” on the Richmond and Burnaby projects, the petition says.",21,"{""themes"": [""law_and_crime""], ""sentiment"": ""negative"", ""political_parties"": null, ""specific_themes"": null}",38.074339083003
"A majority also doubt his mental capability to be president, though that is also a weakness for Trump.",22,"{""themes"": [""government_operations""], ""sentiment"": ""negative"", ""political_parties"": ""null"", ""specific_themes"": ""null""}",23.823561165991123
It would be like a rose placed on each grave.”,23,"{""themes"": null, ""sentiment"": ""positive"", ""political_parties"": null, ""specific_themes"": null}",35.29598520799482
"The provincial government, meanwhile, has been participating in talks with Hypertec and city of Montreal officials on the issue, and a spokesperson for Environment Minister Benoit Charette said the minister is open to the idea of his department contributing to the purchase of the lands.",24,"{""themes"": [""environment"", ""public_lands""], ""sentiment"": ""neutral"", ""political_parties"": null, ""specific_themes"": ""public_lands""}",27.374156999998377
"""It's nice to see a lot of people visiting, bringing their fashion and then adopting some styles as well.",25,"{""themes"": [""culture""], ""sentiment"": ""positive"", ""political_parties"": ""null"", ""specific_themes"": ""null""}",21.531707458008896
"The appointment follows a decision by Liberals to focus on affordability and economic issues ahead of the federal election, expected at any time in the next year.",26,"{""themes"": [""macroeconomics""], ""sentiment"": ""neutral"", ""political_parties"": ""LPC"", ""specific_themes"": ""public_finance""}",24.344467458999134
"Earlier Saturday, Alberta Premier Danielle Smith told her provincewide radio call-in show that she'd like to see bus tours organized for evacuated residents of Jasper so they can see the damage the wildfire did to their town for themselves, and so they'll know what to expect when they're eventually allowed to return home.",27,"{""themes"": [""environment"", ""social_welfare""], ""sentiment"": ""positive"", ""political_parties"": ""CPC"", ""specific_themes"": null}",17.74680912499025
"Lebanon’s Health Ministry said more than 2,900 people have been killed since Oct. 8, 2023, when Hezbollah began firing rockets into Israel, drawing retaliation.",28,"{""themes"": [""health"", ""international_affairs"", ""defense""], ""sentiment"": ""negative"", ""political_parties"": ""Hezbollah"", ""specific_themes"": null}",35.870824083001935
"“Despite efforts to assist, it is with great sadness that we confirm the officer has passed away,” the memo said.",29,"{""themes"": [""law_and_crime""], ""sentiment"": ""negative"", ""political_parties"": null, ""specific_themes"": null}",26.346191374992486
"The new customs rule applies to truck convoys chartered by the United Nations to take aid from Jordan to Gaza via Israel, seven people familiar with the matter said.",30,"{""themes"": [""international_affairs"", ""transportation""], ""sentiment"": ""neutral"", ""political_parties"": null, ""specific_themes"": null}",30.805361958002322
Marina Homes' Fort Erie development is listed on the Ontario Builder Registry as Marina (Green Acres) Development Inc.,31,"{""themes"": [""housing""], ""sentiment"": ""neutral"", ""political_parties"": null, ""specific_themes"": null}",18.926333458002773
Trudeau had been at odds for “the past number of weeks.”,32,"{""themes"": [""null""], ""sentiment"": ""negative"", ""political_parties"": [""LPC""], ""specific_themes"": ""null""}",31.507299167002202
He’s also consistently losing popularity polls to Conservative Leader Pierre Poilievre — a phenomenon that didn’t really happen with prior Conservative leaders Andrew Scheer and Erin O’Toole.,33,"{""themes"": [""government_operations""], ""sentiment"": ""negative"", ""political_parties"": ""CPC"", ""specific_themes"": null}",24.713819249998778
"Two months later, it was awarded a $7.3-million default judgment in that case when no defence was filed.",34,"{""themes"": [""law_and_crime""], ""sentiment"": ""neutral"", ""political_parties"": null, ""specific_themes"": null}",33.98509900001227
You can check Vancouver community centre holiday hours at vancouver.ca.,35,"{""themes"": [""null""], ""sentiment"": ""neutral"", ""political_parties"": ""null"", ""specific_themes"": ""null""}",33.6568964170001
"“It’s very similar to Gavin Newsom,” he continues, comparing Trudeau to the democratic governor of California, a traditionally progressive stronghold.",36,"{""themes"": [""government_operations""], ""sentiment"": ""neutral"", ""political_parties"": [""LPC""], ""specific_themes"": null}",28.169576458007214
"“All things aside, it’s a pretty serious conversation,” Caufield said about wearing No.",37,"{""themes"": [null], ""sentiment"": ""neutral"", ""political_parties"": null, ""specific_themes"": null}",28.71492645800754
"There's a good chance she matches Lakatos right away, as Rivard has won the last two world titles in the 50m freestyle S10.",38,"{""themes"": null, ""sentiment"": ""positive"", ""political_parties"": null, ""specific_themes"": null}",28.66441929200664
He was always thoughtful and generous with his advice to me.,39,"{""themes"": null, ""sentiment"": ""positive"", ""political_parties"": null, ""specific_themes"": null}",24.3753871670051
"They are now 25 MLAs, down from the 28 elected in 2020 and only half of them have committed to running for re-election.",40,"{""themes"": [""government_operations""], ""sentiment"": ""neutral"", ""political_parties"": null, ""specific_themes"": null}",26.065668708994053
"Zelensky and said, “You’re a savior of the people.”",41,"{""themes"": [""international_affairs""], ""sentiment"": ""positive"", ""political_parties"": null, ""specific_themes"": null}",29.783643000002485
That issue is at the heart of current tensions between Canada and India.,42,"{""themes"": [""international_affairs""], ""sentiment"": ""neutral"", ""political_parties"": null, ""specific_themes"": null}",26.213289125007577
London’s FTSE 100 and the STOXX 600 index of European equities were both up 1.1 per cent in early trading.,43,"{""themes"": [""macroeconomics""], ""sentiment"": ""positive"", ""political_parties"": null, ""specific_themes"": null}",22.79013424999721
“It’s tough to play catchup off the back-to-backs.,44,"{""themes"": null, ""sentiment"": ""negative"", ""political_parties"": null, ""specific_themes"": null}",31.033677416999126
"The third process, counting of absentee ballots, is scheduled to start Monday at 9 a.m.",45,"{""themes"": [""government_operations""], ""sentiment"": ""neutral"", ""political_parties"": null, ""specific_themes"": null}",20.748293249998824
Eric Reguly: Lebanon’s economy was in dire shape even before the Israel-Hezbollah war.,46,"{""themes"": [""macroeconomics""], ""sentiment"": ""negative"", ""political_parties"": null, ""specific_themes"": null}",21.026643791992683
Bastyovanszky also alleged the mayor’s office falsely claimed to city councillors and school trustees that he was under investigation by the integrity commissioner and that Sim sought to dissolve the park board because he was “unable to control decisions” of commissioners.,47,"{""themes"": [""government_operations""], ""sentiment"": ""negative"", ""political_parties"": null, ""specific_themes"": null}",23.398905333000585
"In late May, bullet holes were found in the door of a Jewish school and synagogue.",48,"{""themes"": [""civil_rights""], ""sentiment"": ""negative"", ""political_parties"": null, ""specific_themes"": null}",31.628025832993444
"It added that firefighting had caused ""tremendous demand"" in the region — roughly quadruple the usual demand.",49,"{""themes"": [""environment"", ""public_lands""], ""sentiment"": ""neutral"", ""political_parties"": null, ""specific_themes"": null}",25.279203875004896
"Trudeau’s cabinet, acknowledged residents’ concerns about the drug-consumption site and its proximity to a school in a statement, but said Mr.",50,"{""themes"": [""health"", ""education""], ""sentiment"": ""neutral"", ""political_parties"": [""LPC""], ""specific_themes"": null}",28.09006404200045
"In that case one of the victims is not talking to police and the other two are sedated, he said.",51,"{""themes"": [""law_and_crime""], ""sentiment"": ""neutral"", ""political_parties"": null, ""specific_themes"": null}",26.509916458002408
"Vice-President Kamala Harris says she'd find a place in her cabinet for a Republican if elected president, though she told CNN in a sit-down interview that she didn't have a specific individual in mind.",52,"{""themes"": [""government_operations""], ""sentiment"": ""neutral"", ""political_parties"": ""null"", ""specific_themes"": ""null""}",28.689695916997152
"“Whatever political or ideological differences exist between us,” Carr wrote, “we have a larger collective responsibility to maintain a climate of respect  —  one free from hate and intimidation  —  on our campuses.”  jfeith@postmedia.com",53,"{""themes"": [""civil_rights""], ""sentiment"": ""positive"", ""political_parties"": null, ""specific_themes"": null}",28.404685874993447
• Expand services for students with dyslexia and other learning challenges.,54,"{""themes"": [""education""], ""sentiment"": ""positive"", ""political_parties"": null, ""specific_themes"": null}",29.010625042006723
Biden's motivation for running was deeply intertwined with Trump.,55,"{""themes"": [""government_operations""], ""sentiment"": ""neutral"", ""political_parties"": null, ""specific_themes"": null}",37.134889875000226
"It also was the first power-play goal this season by a Montreal rearguard, and the first since Jan. 20, 2024, also scored by Matheson, during a 9-4 drubbing at Boston.",56,"{""themes"": null, ""sentiment"": ""neutral"", ""political_parties"": null, ""specific_themes"": null}",27.849875291998615
"Either result would have major implications for Canada, particularly on the economy and immigration but also on foreign policy.",57,"{""themes"": [""macroeconomics"", ""immigration"", ""international_affairs""], ""sentiment"": ""neutral"", ""political_parties"": null, ""specific_themes"": null}",33.38022208400071
Just under half of respondents supported teenagers receiving gender-affirming care such as counselling and hormone replacement treatment with parental consent.,58,"{""themes"": [""health""], ""sentiment"": ""neutral"", ""political_parties"": ""null"", ""specific_themes"": ""null""}",116.17710158400587
“That ultimately you need shared values.,59,"{""themes"": [""null""], ""sentiment"": ""neutral"", ""political_parties"": ""null"", ""specific_themes"": ""null""}",34.71269395799027
Angela Johnston has more on how it could play out.,60,"{""themes"": [""null""], ""sentiment"": ""neutral"", ""political_parties"": ""null"", ""specific_themes"": ""null""}",20.42635112500284
"It has featured anti-Israel protests since the October 7 massacre, including last December, when two men were later arrested and charged (although charges against one of the men were later dropped).",61,"{""themes"": [""international_affairs"", ""law_and_crime""], ""sentiment"": ""neutral"", ""political_parties"": null, ""specific_themes"": null}",24.521494708998944
The crowds downtown will be thinning out if the TTC goes on strike.,62,"{""themes"": [""transportation"", ""labor""], ""sentiment"": ""negative"", ""political_parties"": null, ""specific_themes"": null}",34.80928345800203
This newsletter is your weekly guide to what we’re doing about it.,63,"{""themes"": [null], ""sentiment"": ""neutral"", ""political_parties"": null, ""specific_themes"": null}",24.75977720899391
"Trump was injured after a shooting unfolded during a rally in Butler, Pa., on Saturday that left two people dead, including the shooter.",64,"{""themes"": [""law_and_crime""], ""sentiment"": ""negative"", ""political_parties"": ""null"", ""specific_themes"": ""null""}",27.31036762498843
"Thursday’s byelection came with Ford’s PCs riding high in the Star’s August Abacus public opinion poll, with 42 per cent support despite challenges including an RCMP investigation into his government’s $8.28 billion Greenbelt land swap scandal.",65,"{""themes"": [""public_lands"", ""government_operations""], ""sentiment"": ""neutral"", ""political_parties"": ""PCQ"", ""specific_themes"": null}",31.03079441700538
“Users must be addressed in French.,66,"{""themes"": null, ""sentiment"": ""neutral"", ""political_parties"": null, ""specific_themes"": null}",20.131545500000357
TRCA advises people to avoid all recreational activities in or around water as conditions can change rapidly.,67,"{""themes"": [""environment""], ""sentiment"": ""neutral"", ""political_parties"": null, ""specific_themes"": null}",24.86935670800449
"She’s now looking at other options, even if they’re pricier.",68,"{""themes"": [null], ""sentiment"": ""neutral"", ""political_parties"": null, ""specific_themes"": null}",32.21148162501049
"But according to the law society's decision to provisionally suspend him, Cartel ""appears to have misled"" another lawyer who was trying to track down money on behalf of a client, did not take reasonable steps to investigate when faced with evidence his firm's finances were awry, and failed to deliver bank account statements demanded by a law society auditor.",69,"{""themes"": [""law_and_crime""], ""sentiment"": ""negative"", ""political_parties"": null, ""specific_themes"": null}",28.36464529199293
"He was inducted into the Canadian Business Hall of Fame in 1996 and into the U.S.-based Automotive Hall of Fame in 2018, and was made a member of the Order of Canada in 1999.",70,"{""themes"": null, ""sentiment"": ""positive"", ""political_parties"": null, ""specific_themes"": null}",27.248985624988563
A turn back toward the Harper years?,71,"{""themes"": [""government_operations""], ""sentiment"": ""neutral"", ""political_parties"": ""CPC"", ""specific_themes"": null}",30.428568625007756
The bank also projects that Ottawa’s deficit for this year will be bigger than initial projections.,72,"{""themes"": [""macroeconomics""], ""sentiment"": ""neutral"", ""political_parties"": null, ""specific_themes"": [""public_finance""]}",31.830325667004217
"""Where is she locating herself relative to other Canadian efforts?""",73,"{""themes"": [""government_operations""], ""sentiment"": ""neutral"", ""political_parties"": null, ""specific_themes"": null}",44.066971084001125
Community Facebook groups have been inundated with posts about smashed vehicle windows across the city recently.,74,"{""themes"": [""law_and_crime""], ""sentiment"": ""neutral"", ""political_parties"": null, ""specific_themes"": null}",16.31738820800092
"The Canadian government said Kovrig and Spavor were political pawns, arbitrarily detained in response to the arrest of Chinese tech executive Meng Wanzhou in Vancouver at the request of the United States.",75,"{""themes"": [""international_affairs""], ""sentiment"": ""negative"", ""political_parties"": null, ""specific_themes"": null}",38.49808254100208
"Although Harris’ ascendency boosted Democrats’ enthusiasm and put Trump on the defensive in a race he had been expected to win easily against Biden, the vice-president was scrutinized over her plans for the country and whether she would truly represent a change from the unpopular Biden administration she served in.",76,"{""themes"": [""government_operations""], ""sentiment"": ""neutral"", ""political_parties"": [""Democratic"", ""Republican""], ""specific_themes"": null}",26.416025333994185
"A government spokesperson speaking on background said that the new measures apply to some firearms that were included in those initial amendments, while others were left out.",77,"{""themes"": [""law_and_crime""], ""sentiment"": ""neutral"", ""political_parties"": null, ""specific_themes"": null}",26.248810584002058
A view of a stretch of the I-75 where northbound traffic is slowed due to residents trying to evacuate flood zones.,78,"{""themes"": [""transportation"", ""environment""], ""sentiment"": ""negative"", ""political_parties"": null, ""specific_themes"": null}",18.747288541999296
Fifty-seven specialists did the same thing.,79,"{""themes"": null, ""sentiment"": ""neutral"", ""political_parties"": null, ""specific_themes"": null}",23.957674083998427
"One of those other cars, a Chevrolet Tahoe, had been spotted the previous day by officers in the driveway of Abdelgadir’s home during an unrelated investigation, and was followed to a nearby mall.",80,"{""themes"": [""law_and_crime""], ""sentiment"": ""neutral"", ""political_parties"": null, ""specific_themes"": null}",22.159006542002317
"“We can confirm that the fire has reached the Fairmont Jasper Park Lodge grounds, however, we are unclear on the extent of damage.”",81,"{""themes"": [""environment""], ""sentiment"": ""neutral"", ""political_parties"": null, ""specific_themes"": null}",31.175178750010673
"India also retaliated and announced it is expelling six Canadian diplomats, including acting High Commissioner Stewart Wheeler.",82,"{""themes"": [""international_affairs""], ""sentiment"": ""negative"", ""political_parties"": null, ""specific_themes"": null}",28.624620541988406
“We assume with 100-per-cent reliability that we will turn on the tap and water will come out.,83,"{""themes"": [""public_lands""], ""sentiment"": ""neutral"", ""political_parties"": null, ""specific_themes"": null}",27.76355770799273
"Psychological harassment is “any vexatious behaviour in the form of repeated and hostile or unwanted conduct, verbal comments, actions or gestures, that affects an employee’s dignity or psychological or physical integrity and that results in a harmful work environment for the employee.”",84,"{""themes"": [""labor""], ""sentiment"": ""neutral"", ""political_parties"": null, ""specific_themes"": null}",21.564191459008725
"Harris, in a statement said she was “glad” Trump was safe, adding “violence has no place in America.”",85,"{""themes"": [""law_and_crime""], ""sentiment"": ""positive"", ""political_parties"": ""null"", ""specific_themes"": ""null""}",28.091321500003687
"""He wanted to catch Arctic grayling,"" she said in the interview, saying he reassured her that there were lots of hunters and hikers in the area should he run into trouble.",86,"{""themes"": [""environment"", ""public_lands""], ""sentiment"": ""neutral"", ""political_parties"": null, ""specific_themes"": null}",30.893485584005248
The Liberals inherited what was arguably the world’s best immigration system and devalued it by allowing many more lower skilled and temporary workers into the country.,87,"{""themes"": [""immigration"", ""labor""], ""sentiment"": ""negative"", ""political_parties"": ""LPC"", ""specific_themes"": null}",23.66329087500344
"“In regard to the mortgage reforms announced this morning, CMHC looks forward to implementing the changes when they come into effect,” a spokesperson said, with additional requests for comment directed to the Department of Finance.",88,"{""themes"": [""housing"", ""macroeconomics""], ""sentiment"": ""neutral"", ""political_parties"": ""null"", ""specific_themes"": [""public_finance""]}",20.47237929099356
“The terrorist groups use illegal smuggling as part of their financing operations for doing bad things.,89,"{""themes"": [""law_and_crime""], ""sentiment"": ""negative"", ""political_parties"": null, ""specific_themes"": null}",37.17252158300835
"Only two candidates so far have thrown their hats into the ring to succeed Trudeau — Liberal backbencher Chandra Arya from Ontario, and businessman Frank Baylis, a former Québec MP.",90,"{""themes"": [""government_operations""], ""sentiment"": ""neutral"", ""political_parties"": [""LPC"", ""PLQ""], ""specific_themes"": null}",39.07415437499003
"With the TTC upgrading the Spadina streetcar right-of-way from now until December, the transit agency is resorting to the next best thing to keep people moving along the route.",91,"{""themes"": [""transportation""], ""sentiment"": ""neutral"", ""political_parties"": null, ""specific_themes"": null}",20.57225191600446
"Conservatives have their work cut out for themselves as Canadians would like to see a quick economic turnaround, like that of their southern neighbours.",92,"{""themes"": [""macroeconomics""], ""sentiment"": ""negative"", ""political_parties"": ""CPC"", ""specific_themes"": ""public_finance""}",27.507978832989465
"So like, how many investigations are currently ongoing involving government corruption?”",93,"{""themes"": [""government_operations""], ""sentiment"": ""neutral"", ""political_parties"": ""null"", ""specific_themes"": ""null""}",19.56288083299296
"Blocking the box might be downtown Toronto’s most ubiquitous traffic offence, as drivers force their way into busy intersections knowing they’ll still be blocking traffic when the light turns red, resulting in paralyzing gridlock.",94,"{""themes"": [""transportation""], ""sentiment"": ""neutral"", ""political_parties"": null, ""specific_themes"": null}",23.76126270800887
"She said in April: “Most legal scholars probably track most Americans, who didn’t want to overturn Roe.",95,"{""themes"": [""civil_rights""], ""sentiment"": ""neutral"", ""political_parties"": ""null"", ""specific_themes"": ""null""}",29.333552291995147
Conservatives have complained that it is not sufficiently independent from government.,96,"{""themes"": [""government_operations""], ""sentiment"": ""negative"", ""political_parties"": ""CPC"", ""specific_themes"": null}",20.927480917001958
An economist on Ottawa’s GST holiday.,97,"{""themes"": [""macroeconomics""], ""sentiment"": ""neutral"", ""political_parties"": null, ""specific_themes"": null}",32.57043537500431
"The bombing follows attacks last week when pagers and walkie talkies exploded across Lebanon, killing scores of people and wounding thousands including Hezbollah members.",98,"{""themes"": [""law_and_crime"", ""international_affairs""], ""sentiment"": ""negative"", ""political_parties"": ""null"", ""specific_themes"": ""null""}",26.75444062499446
"Four years ago, he tried to overturn his election defeat by Mr.",99,"{""themes"": [""government_operations""], ""sentiment"": ""neutral"", ""political_parties"": null, ""specific_themes"": null}",22.471779582992895
It’s not so much the caucus really that matters.,100,"{""themes"": [""government_operations""], ""sentiment"": ""neutral"", ""political_parties"": null, ""specific_themes"": null}",18.124683542002458
Nor is the Pickering facility an outlier.,101,"{""themes"": null, ""sentiment"": ""neutral"", ""political_parties"": null, ""specific_themes"": null}",36.08048183299252
The next issue of Westcoast Homes will soon be in your inbox.,102,"{""themes"": [""null""], ""sentiment"": ""neutral"", ""political_parties"": ""null"", ""specific_themes"": ""null""}",24.76137245800055
"""Donald Trump, when he makes statements like that, he plans on carrying them out.",103,"{""themes"": [""government_operations""], ""sentiment"": ""neutral"", ""political_parties"": ""null"", ""specific_themes"": ""null""}",24.94599312498758
"The major battle in Baku is over how much rich nations will pay for developing countries to decarbonize their energy systems, cope with future harms of climate change and pay for damage from extreme weather.",104,"{""themes"": [""environment"", ""energy"", ""international_affairs""], ""sentiment"": ""neutral"", ""political_parties"": null, ""specific_themes"": ""public_finance""}",28.307281332992716
"A Mennonite father who killed his one-year-old son with an axe may be allowed to travel to parts of southern Ontario in the coming months, but a long-term plan for reintegration into his tight-knit community remains unclear.",105,"{""themes"": [""law_and_crime"", ""social_welfare""], ""sentiment"": ""negative"", ""political_parties"": null, ""specific_themes"": ""welfare_state""}",32.78376562500489
"The report released Wednesday by the Institut du Québec, a non-profit think tank, found that Quebec is not reducing its carbon emissions fast enough to meet the government’s goal of becoming carbon neutral by 2050 and that efforts to grow the economy will likely lead to an increase in greenhouse gas emissions.",106,"{""themes"": [""environment"", ""energy"", ""macroeconomics""], ""sentiment"": ""negative"", ""political_parties"": null, ""specific_themes"": [""public_finance"", ""welfare_state""]}",34.08355116599705
I was extremely relieved to learn that he was not seriously harmed.”,107,"{""themes"": [""health""], ""sentiment"": ""positive"", ""political_parties"": null, ""specific_themes"": null}",17.06540808400314
"""That's your assessment,"" she said.",108,"{""themes"": [""null""], ""sentiment"": ""neutral"", ""political_parties"": ""null"", ""specific_themes"": ""null""}",28.221612374996766
“The fight for our freedom will take hard work.,109,"{""themes"": [""civil_rights""], ""sentiment"": ""neutral"", ""political_parties"": null, ""specific_themes"": null}",25.12866012500308
"The total allowable catch for that fishery in 2023 was 12,999 tonnes.",110,"{""themes"": [""agriculture""], ""sentiment"": ""neutral"", ""political_parties"": null, ""specific_themes"": null}",28.459097416998702
"The central bank kicked off its interest rate easing cycle with back-to-back quarter-point rate cuts in June and July, bringing the policy rate down to 4.5 per cent after the most rapid tightening cycle in its history.",111,"{""themes"": [""macroeconomics""], ""sentiment"": ""neutral"", ""political_parties"": null, ""specific_themes"": [""public_finance""]}",25.887606915988727
Brownstein drew a distinction in how Longueuil police and the Sûreté du Québec have responded to violence at protests compared with the SPVM in Montreal.,112,"{""themes"": [""law_and_crime""], ""sentiment"": ""neutral"", ""political_parties"": null, ""specific_themes"": null}",28.285407000003033
The Beer Store as well as local craft brewery bottle shops and wineries will remain open even if the LCBO strike goes ahead.,113,"{""themes"": [""labor"", ""domestic_commerce""], ""sentiment"": ""neutral"", ""political_parties"": null, ""specific_themes"": null}",27.780952542001614
"Officers notified Cheam First Nation, which determined the land had been leased by the owner to a waste management company that has run afoul of provincial environment laws in the past.",114,"{""themes"": [""environment"", ""public_lands""], ""sentiment"": ""negative"", ""political_parties"": null, ""specific_themes"": null}",29.741644083012943
"For American citizens, Jan. 20th, 2025 is Liberation Day.",115,"{""themes"": [""government_operations""], ""sentiment"": ""positive"", ""political_parties"": null, ""specific_themes"": null}",32.88249420799548
"Labour Minister Steve MacKinnon met with the airline and union yesterday, Trudeau added, without offering further details.",116,"{""themes"": [""labor""], ""sentiment"": ""neutral"", ""political_parties"": [""LPC""], ""specific_themes"": null}",35.540687166998396
He said jail officials had submitted affidavits suggesting what happened was “to protect order in the institution.”,117,"{""themes"": [""law_and_crime""], ""sentiment"": ""neutral"", ""political_parties"": null, ""specific_themes"": null}",22.273538166002254
Missaghi … threatening you explicitly or implicitly with violence or in the best case scenarios with a sort of Jihad in the court system.”,118,"{""themes"": [""law_and_crime""], ""sentiment"": ""negative"", ""political_parties"": null, ""specific_themes"": null}",30.98413445800543
“I have good memories of this place.,119,"{""themes"": [""null""], ""sentiment"": ""positive"", ""political_parties"": ""null"", ""specific_themes"": ""null""}",19.18325316600385
"“Without that knowledge, we struggle to hold our local governments and our provincial and federal counterparts accountable,” he said.",120,"{""themes"": [""government_operations""], ""sentiment"": ""negative"", ""political_parties"": ""null"", ""specific_themes"": ""null""}",34.95351649999793
"“So much that you’ve worked towards and … you’ve built your life there … the kids, for example, that’s their home, right?",121,"{""themes"": [""social_welfare""], ""sentiment"": ""negative"", ""political_parties"": ""null"", ""specific_themes"": ""null""}",27.018413708006847
"Once she submits an application, the department will let her know if more information is required.",122,"{""themes"": [""government_operations""], ""sentiment"": ""neutral"", ""political_parties"": null, ""specific_themes"": null}",22.361323540986632
And while the New York Times opined in a headline the “Opening Ceremony Misses the Boat” — alluding to the fact it was held on the Seine — everyone was in agreement Dion was simply dazzling.,123,"{""themes"": [""culture""], ""sentiment"": ""positive"", ""political_parties"": null, ""specific_themes"": null}",35.40956283301057
Lawyers for the affected inmates are now making court applications to have charges stayed or sentences shortened in response to what they argue are blatant violations of their clients’ Charter rights.,124,"{""themes"": [""civil_rights"", ""law_and_crime""], ""sentiment"": ""neutral"", ""political_parties"": null, ""specific_themes"": null}",21.81753420800669
"The Israeli military official said the area was not a tent complex, but an operational compound run by Hamas and that several more militants were there, guarding Deif.",125,"{""themes"": [""defense""], ""sentiment"": ""neutral"", ""political_parties"": null, ""specific_themes"": null}",26.235944208994624
"Richardson complained to the CPSO about Cho and a SickKids dermatologist, whose allegedly flawed opinion Cho had relied on.",126,"{""themes"": [""health""], ""sentiment"": ""negative"", ""political_parties"": null, ""specific_themes"": null}",28.17482091599959
"In his own book last year, Mr.",127,"{""themes"": null, ""sentiment"": null, ""political_parties"": null, ""specific_themes"": null}",30.2367154579988
"After the Soviets invaded Afghanistan in December 1979, Carter decided to boycott the Summer Olympics in Moscow and asked the Senate to delay ratification of SALT II.",128,"{""themes"": [""international_affairs"", ""defense""], ""sentiment"": ""negative"", ""political_parties"": null, ""specific_themes"": null}",34.68253762500535
"He was not surprised by the ultimate decision of the body that grants these increasingly important documents:  “Since you are no longer of school age for the purposes of the application of Division I of Chapter VIII of the Charter of the French Language, no positive decision can be rendered with regard to any request you make at this time concerning your eligibility for instruction in English.”",129,"{""themes"": [""education"", ""culture""], ""sentiment"": ""negative"", ""political_parties"": null, ""specific_themes"": null}",29.245153957992443
Mendes says the Sahm Rule also tells us where the unemployment rate is headed.,130,"{""themes"": [""macroeconomics""], ""sentiment"": ""neutral"", ""political_parties"": null, ""specific_themes"": null}",39.79839570799959
"Senators made it clear they thought the policy was ill-conceived, and at least one poll found Canadians weren’t rewarding the Liberals with more support because of it.",131,"{""themes"": [""government_operations""], ""sentiment"": ""negative"", ""political_parties"": [""LPC""], ""specific_themes"": null}",31.372033874999033
"He also announced the Working Canadians Rebate — a plan to send $250 cheques this spring to every individual who worked in 2023 and made up to $150,000.",132,"{""themes"": [""social_welfare""], ""sentiment"": ""positive"", ""political_parties"": null, ""specific_themes"": [""public_finance""]}",30.342977124993922
"Dean Crawford, a lawyer for Ms.",133,"{""themes"": [""law_and_crime""], ""sentiment"": ""neutral"", ""political_parties"": null, ""specific_themes"": null}",22.251567624989548
"“If John Rustad doesn’t act, he is once again confirming that there is no consequence in his party for spreading hate.”",134,"{""themes"": [""government_operations"", ""civil_rights""], ""sentiment"": ""negative"", ""political_parties"": ""CPC"", ""specific_themes"": null}",26.157641208003042
But it’s certainly a lot friendlier for buyers than it has been.”,135,"{""themes"": [""domestic_commerce""], ""sentiment"": ""positive"", ""political_parties"": null, ""specific_themes"": null}",24.67505320798955
"A woman holds her smartphone near an illuminated decoration on New Year's Eve in Seoul, South Korea, Tuesday, Dec.",136,"{""themes"": [""technology"", ""culture""], ""sentiment"": ""neutral"", ""political_parties"": null, ""specific_themes"": null}",30.40178954100702
“We need to protect our volunteers.”,137,"{""themes"": [""labor""], ""sentiment"": ""positive"", ""political_parties"": ""null"", ""specific_themes"": ""null""}",30.93623929200112
"Elections Nova Scotia said the polling station didn’t open at 8 a.m., so it stayed open until 9 p.m.",138,"{""themes"": null, ""sentiment"": ""neutral"", ""political_parties"": null, ""specific_themes"": null}",19.701715667004464
"It’s more serious, and I think that the people participating understand that ‘sacrifices’ have been made to ensure the ability to vote on this issue,” Waters said in an interview.",139,"{""themes"": [""civil_rights""], ""sentiment"": ""neutral"", ""political_parties"": null, ""specific_themes"": null}",28.5836060839938
"We areworking closely with authorities and the implicated ranch to determine the possible cause,” saidCraig Slate, SunFed president, in the news release.",140,"{""themes"": [""agriculture""], ""sentiment"": ""neutral"", ""political_parties"": null, ""specific_themes"": null}",37.40470299999288
It was previously held by former Trudeau cabinet minister David Lametti.,141,"{""themes"": [""government_operations""], ""sentiment"": ""neutral"", ""political_parties"": [""LPC""], ""specific_themes"": null}",25.815663249988575
"Canada’s deadliest listeria outbreak, at Maple Leaf Foods in Toronto, killed 24 people in 2008.",142,"{""themes"": [""health""], ""sentiment"": ""negative"", ""political_parties"": null, ""specific_themes"": null}",24.03087320900522
“It appears the Canada Industrial Relations Board (CIRB) will have 72 hours to do its work before issuing a back to work order on Monday.,143,"{""themes"": [""labor"", ""law_and_crime""], ""sentiment"": ""neutral"", ""political_parties"": null, ""specific_themes"": null}",26.459916458989028
An eighth system has been funded and ordered and is expected to be in the field some time next year.,144,"{""themes"": [""technology"", ""government_operations""], ""sentiment"": ""neutral"", ""political_parties"": null, ""specific_themes"": ""public_finance""}",20.45985945800203
"Reached by phone Wednesday, an NDP spokesperson said Ashton was in Quebec City ""to discuss language priorities"" because she's the party's critic for official languages and needed to ""find out things she needs to prioritize.""",145,"{""themes"": [""culture""], ""sentiment"": ""neutral"", ""political_parties"": ""NDP"", ""specific_themes"": null}",26.55466795800021
CTV News has learned Kaur’s brother and father are now in the province.,146,"{""themes"": [""immigration""], ""sentiment"": ""neutral"", ""political_parties"": null, ""specific_themes"": null}",19.877660833997652
"Meanwhile, rumours are swirling of impending budget cuts at hospitals.",147,"{""themes"": [""health""], ""sentiment"": ""negative"", ""political_parties"": null, ""specific_themes"": [""public_finance""]}",22.261452250008006
"Economic struggles, a mass importation of apples and last year’s woes has farmers feeling discouraged, the Ontario Apple Growers association says.",148,"{""themes"": [""macroeconomics"", ""agriculture"", ""domestic_commerce""], ""sentiment"": ""negative"", ""political_parties"": null, ""specific_themes"": null}",41.038517833992955
"Some detransitioners are suing their doctors, alleging their desire for extreme interventions was never challenged and alternative options never offered.",149,"{""themes"": [""health""], ""sentiment"": ""negative"", ""political_parties"": null, ""specific_themes"": null}",37.87302412500139
"Ian Tostenson, president of the B.C.",150,"{""themes"": [""domestic_commerce""], ""sentiment"": ""neutral"", ""political_parties"": null, ""specific_themes"": null}",101.07479408400832
"Liberal MP Anita Vandenbeld said during the committee that she and all committee members care about the issue of gender-based violence, then called for a debate on a motion related to abortion rights, which the Liberals say would be at risk under a Conservative government.",151,"{""themes"": [""civil_rights""], ""sentiment"": ""negative"", ""political_parties"": [""LPC"", ""CPC""], ""specific_themes"": null}",27.08268995799881
He had to be ferried from Scarborough to a specialist at Toronto Western Hospital to be put in a coma.,152,"{""themes"": [""health""], ""sentiment"": ""neutral"", ""political_parties"": ""null"", ""specific_themes"": ""null""}",31.662274125003023
"Kelly Gordon of Romer’s Burger Bar says his restaurants’ patios have sat more empty than usual this month, due to untimely bouts of rainy and cold weather.",153,"{""themes"": [""domestic_commerce""], ""sentiment"": ""negative"", ""political_parties"": null, ""specific_themes"": null}",43.487036374994204
"“We just wanted it more,” Jecho said.",154,"{""themes"": null, ""sentiment"": ""positive"", ""political_parties"": null, ""specific_themes"": null}",40.04896350001218
The officer was looking for the suspicious person when another officer hoisted him up so he could grab the edge of the roof.,155,"{""themes"": [""law_and_crime""], ""sentiment"": ""neutral"", ""political_parties"": null, ""specific_themes"": null}",17.30082575000415
"“The technology has improved so much, so it’s easier to do (stadiums).",156,"{""themes"": [""technology"", ""public_lands""], ""sentiment"": ""positive"", ""political_parties"": null, ""specific_themes"": null}",21.016701707994798
"“No changes to the characterization of residual effects are anticipated as a result of the proposed changes,” said the partners in their route change filings to the B.C.",157,"{""themes"": [""transportation""], ""sentiment"": ""neutral"", ""political_parties"": null, ""specific_themes"": null}",21.049036875003367
Conservative Leader John Rustad is pleased to have taken a party that barely existed 18 months ago to one that came within a couple seats of forming government.,158,"{""themes"": [""government_operations""], ""sentiment"": ""positive"", ""political_parties"": [""CPC""], ""specific_themes"": null}",30.40431733400328
Whoever wins the Liberal leadership race on March 9 will have just a couple of weeks to introduce themselves to Canadians as their new prime minister and turn the Liberals’ fortunes around before Parliament is set to return on March 24.,159,"{""themes"": [""government_operations""], ""sentiment"": ""neutral"", ""political_parties"": [""LPC""], ""specific_themes"": null}",30.909404874997563
Your weekly guide to what you need to know about federal politics and the minority Liberal government.,160,"{""themes"": [""government_operations""], ""sentiment"": ""neutral"", ""political_parties"": [""LPC""], ""specific_themes"": null}",46.82226724999782
Toronto MP Nathaniel Erskine-Smith said Wednesday’s caucus discussions centred on the next steps the party needs to take to be election-ready and that the party’s leadership was not a focus of the talks.,161,"{""themes"": [""government_operations""], ""sentiment"": ""neutral"", ""political_parties"": [""LPC""], ""specific_themes"": null}",22.41571308299899
"The U.S. president has framed the surcharges as a way to force a crackdown against people illegally crossing its borders, as well as to force stronger action to prevent the potent drug fentanyl from being smuggled between North American countries.",162,"{""themes"": [""immigration"", ""law_and_crime""], ""sentiment"": ""neutral"", ""political_parties"": null, ""specific_themes"": null}",34.91145387500001
"Eby acknowledged the tipping point for his decision was a fatal attack by a mentally ill man in Vancouver’s Downtown Eastside earlier this month, and the death of a 13-year-old girl from an overdose after her family were unable to get her into care when she refused.",163,"{""themes"": [""health"", ""social_welfare""], ""sentiment"": ""negative"", ""political_parties"": null, ""specific_themes"": ""welfare_state""}",29.287231541005895
They have identified at least 272 people who purchased them over a two-year period.,164,"{""themes"": [""null""], ""sentiment"": ""neutral"", ""political_parties"": ""null"", ""specific_themes"": ""null""}",22.75689895800315
Certain oysters have been recalled in three Canadian provinces following a suspected outbreak of norovirus in British Columbia that left dozens of people sick.,165,"{""themes"": [""health""], ""sentiment"": ""negative"", ""political_parties"": null, ""specific_themes"": null}",29.048939500004053
"The health, safety, rights and dignity of women are facing new threats.",166,"{""themes"": [""civil_rights""], ""sentiment"": ""negative"", ""political_parties"": null, ""specific_themes"": null}",24.861421999987215
The NDP currently leads in Surrey-Guildford by 27 votes while the Conservatives are ahead in Kelowna Centre by 38 votes.,167,"{""themes"": [""government_operations""], ""sentiment"": ""neutral"", ""political_parties"": [""NDP"", ""CPC""], ""specific_themes"": null}",21.526816666999366
"Thompson, 50, had been in the city from Minnesota since Monday.",168,"{""themes"": [""null""], ""sentiment"": ""neutral"", ""political_parties"": ""null"", ""specific_themes"": ""null""}",29.78417008399265
CBSA adds that a prescription from a doctor does not count as authorization from Health Canada.,169,"{""themes"": [""health""], ""sentiment"": ""neutral"", ""political_parties"": ""null"", ""specific_themes"": ""null""}",21.970592417012085
"""Even some folks who have soft support for Kamala Harris and Tim Walz may find themselves saying to themselves, 'Hey, look, I don't necessarily want to support Donald Trump, but the economy's not great right now and it was better when he was president.'""",170,"{""themes"": [""macroeconomics""], ""sentiment"": ""neutral"", ""political_parties"": [""LPC""], ""specific_themes"": null}",32.216078957993886
"Mangione called “Unabomber” Ted Kaczynski a “political revolutionary” and may have found inspiration from the man who carried out a series of bombings while railing against modern society and technology, according to police bulletin.",171,"{""themes"": [""law_and_crime"", ""technology""], ""sentiment"": ""negative"", ""political_parties"": null, ""specific_themes"": null}",22.794142083002953
"Dominic LeBlanc, the only cabinet minister at the November dinner, said Trump’s comment was a joke.",172,"{""themes"": [""government_operations""], ""sentiment"": ""neutral"", ""political_parties"": [""LPC""], ""specific_themes"": null}",28.5571133330086
But Pierre Trudeau stayed on and led the Liberal Party into a federal election in the spring of 1979.,173,"{""themes"": [""government_operations""], ""sentiment"": ""neutral"", ""political_parties"": ""LPC"", ""specific_themes"": null}",19.873799916997086
Here’s how to spot them The Canadian Taxi Association is warning customers about scams involving fake roof signs that have recently been reported in several cities.,174,"{""themes"": [""law_and_crime"", ""transportation""], ""sentiment"": ""neutral"", ""political_parties"": null, ""specific_themes"": null}",30.498617833000026
"Now, he will focus on finding a home for his family, something he wasn't able to secure during the war between displacements and bombing campaigns across the strip.",175,"{""themes"": [""housing"", ""defense""], ""sentiment"": ""negative"", ""political_parties"": null, ""specific_themes"": null}",26.0481462500029
They said Ottawa will continue to discuss border security issues with the incoming Republican administration.,176,"{""themes"": [""law_and_crime"", ""international_affairs""], ""sentiment"": ""neutral"", ""political_parties"": null, ""specific_themes"": null}",22.355936792009743
The fierce competition for the limited spots has already pushed up the qualifying threshold for permanent residence under the economic immigration class.,177,"{""themes"": [""immigration""], ""sentiment"": ""negative"", ""political_parties"": null, ""specific_themes"": null}",32.2233231249993
Closed Captioning and Described Video is available for many CBC shows offered on CBC Gem.,178,"{""themes"": [""null""], ""sentiment"": ""neutral"", ""political_parties"": ""null"", ""specific_themes"": ""null""}",27.194560666990583
"They started dating several months later after working on a community theatre production of Monty Python, which Rustad can quote at length.",179,"{""themes"": [""culture""], ""sentiment"": ""neutral"", ""political_parties"": null, ""specific_themes"": null}",21.044852958002593
"“I’m not an overly religious person, but I can tell you I have talked to God … I remember the night just thinking, ‘Please, please, please, just let her come home.",180,"{""themes"": [""null""], ""sentiment"": ""negative"", ""political_parties"": ""null"", ""specific_themes"": ""null""}",24.419487458013464
Speaking out of both sides of his mouth about Israel and the Middle East.,181,"{""themes"": [""international_affairs""], ""sentiment"": ""negative"", ""political_parties"": null, ""specific_themes"": null}",22.159889417001978
Police say there is no risk to the public as both deaths are believed to be targeted and domestic in nature.,182,"{""themes"": [""law_and_crime""], ""sentiment"": ""neutral"", ""political_parties"": null, ""specific_themes"": null}",24.771511084007216
He did say there would have been many more closures if the province had not done its best to prevent them.,183,"{""themes"": [""macroeconomics"", ""public_finance""], ""sentiment"": ""negative"", ""political_parties"": null, ""specific_themes"": ""public_finance""}",32.8155608340021
A government spokesperson said those measures would come into effect in the new year.,184,"{""themes"": [""government_operations""], ""sentiment"": ""neutral"", ""political_parties"": null, ""specific_themes"": null}",20.91062341700308
No time has been set for full access to the community.,185,"{""themes"": [""null""], ""sentiment"": ""neutral"", ""political_parties"": ""null"", ""specific_themes"": ""null""}",33.44881554100721
"The figures don't count taxes, or resort, cleaning and service fees.",186,"{""themes"": [""domestic_commerce""], ""sentiment"": ""neutral"", ""political_parties"": null, ""specific_themes"": null}",22.739670499999193
"With so much uncertainty looming, Canada has been preparing for a second Trump presidency for months.",187,"{""themes"": [""international_affairs""], ""sentiment"": ""neutral"", ""political_parties"": ""null"", ""specific_themes"": ""null""}",25.244954540990875
"Sabourin said it would be at least a month before the break can be repaired, in part because the city doesn’t have all the necessary parts and equipment on hand.",188,"{""themes"": [""transportation""], ""sentiment"": ""negative"", ""political_parties"": ""null"", ""specific_themes"": ""null""}",25.00745191599708
The statement claimed Khan was residing in Canada on a student visa.,189,"{""themes"": [""immigration"", ""education""], ""sentiment"": ""neutral"", ""political_parties"": null, ""specific_themes"": null}",33.44845974999771
"“If you were in a park like Mount Royal Park or any of the nice parks in Montreal, those are going to be much cooler than if you were right near one of the major highways that are all concrete and cement,” Weichenthal said Tuesday, the first day of the city’s heat wave.",190,"{""themes"": [""environment"", ""public_lands""], ""sentiment"": ""neutral"", ""political_parties"": null, ""specific_themes"": null}",27.099252542000613
ET on Wednesday that it was conducting law enforcement activity “related to this morning’s New Orleans attack” in the north end of the city.,191,"{""themes"": [""law_and_crime""], ""sentiment"": ""neutral"", ""political_parties"": null, ""specific_themes"": null}",30.322439374998794
"In February, it mocked her way of speaking with video of her repeating the term “significance of the passage of time.”",192,"{""themes"": null, ""sentiment"": ""negative"", ""political_parties"": null, ""specific_themes"": null}",18.250853167002788
"After winning the Polaris Music Prize for best Canadian album for his 2018 debut Wolastoqiyik Lintuwakonawa, Jeremy Dutcher settled in Montreal.",193,"{""themes"": [""culture""], ""sentiment"": ""neutral"", ""political_parties"": null, ""specific_themes"": null}",31.57427708301111
"Its ripple effect will be a new public realm, new community spaces and new homes, he said — opening the door for tens of thousands of new residents to soon call central Scarborough home.",194,"{""themes"": [""housing""], ""sentiment"": ""positive"", ""political_parties"": null, ""specific_themes"": null}",42.47777029199642
"In his will, The Rotary Foundation Canada (TRFC) is named as the sole beneficiary to receive the estate, minus money for Mary's living expenses.",195,"{""themes"": null, ""sentiment"": ""neutral"", ""political_parties"": null, ""specific_themes"": null}",29.739178167001228
An online real estate media outlet last year referred to McCredie as a “disruptor.”,196,"{""themes"": [""housing""], ""sentiment"": ""neutral"", ""political_parties"": ""null"", ""specific_themes"": ""null""}",34.05480070800695
"Certification for lifeguards includes a “wet” test that, for beach lifeguards, is a rescue drill that includes a timed 100-metre run, 100-metre swim, 100-metre tow, use of watercraft (rowboat or float), and demonstration of lifesaving measures.",197,"{""themes"": [""health""], ""sentiment"": ""neutral"", ""political_parties"": null, ""specific_themes"": null}",21.297931749999407
"In Unified Command, Parks Canada and the Municipality of Jasper continue to manage this crisis from the Town of Hinton.”",198,"{""themes"": [""government_operations""], ""sentiment"": ""neutral"", ""political_parties"": null, ""specific_themes"": null}",31.26160633401014
"She said in the short term, governments have to focus on the current uncertainty, whether it be retaliatory tariffs or increased taxes on our energy exports.",199,"{""themes"": [""foreign_trade"", ""energy""], ""sentiment"": ""negative"", ""political_parties"": ""null"", ""specific_themes"": [""public_finance""]}",28.856491415994242
“When the sustainability office was installing a living roof on the fourth floor under our beehive … a toad hitchhiked with the plants.,200,"{""themes"": [""environment""], ""sentiment"": ""neutral"", ""political_parties"": ""null"", ""specific_themes"": ""null""}",26.463388332995237
"The tariffs carry both political and economic risks for Trump, who is just two weeks into his second term.",201,"{""themes"": [""foreign_trade"", ""government_operations""], ""sentiment"": ""negative"", ""political_parties"": ""null"", ""specific_themes"": ""null""}",30.863381749994005
"Indeed, one of those MPs seeking a leadership change said part of the problem is that there is almost no one seeking a revolt who will say so when the TV cameras are pointed at them.",202,"{""themes"": [""government_operations""], ""sentiment"": ""negative"", ""political_parties"": ""null"", ""specific_themes"": ""null""}",25.8851045420015
"The list is heavy on bridges and highways, but includes commitments to transit and commuter rail in the Fraser Valley.",203,"{""themes"": [""transportation""], ""sentiment"": ""neutral"", ""political_parties"": null, ""specific_themes"": null}",27.7737542919931
More cheers when the debate moderator called out Trump’s false claim that some states legalize the killing of babies after birth.,204,"{""themes"": [""civil_rights""], ""sentiment"": ""positive"", ""political_parties"": null, ""specific_themes"": null}",39.62403641700803
"Later in the morning, a man walking his dog in the Olympic Village area called 911 to report that an individual “behaving erratically” had approached him and was yelling at him.",205,"{""themes"": [""law_and_crime""], ""sentiment"": ""negative"", ""political_parties"": null, ""specific_themes"": null}",25.779800207994413
"“The city is implementing a plan which will give better and safer access to people who are seniors, or who have mobility limitations, than they had before the High Park Movement Strategy was implemented,” said Perks.",206,"{""themes"": [""social_welfare""], ""sentiment"": ""positive"", ""political_parties"": null, ""specific_themes"": ""welfare_state""}",24.24721433299419
"More than four million passengers boarded Via trains in 2023, a 25 per cent bump from the previous year.",207,"{""themes"": [""transportation"", ""macroeconomics""], ""sentiment"": ""positive"", ""political_parties"": null, ""specific_themes"": ""public_finance""}",26.432388999994146
Gaudreau’s impact on the community during his time with the Flames.,208,"{""themes"": [""culture""], ""sentiment"": ""neutral"", ""political_parties"": null, ""specific_themes"": null}",27.068357625001227
"“It’s largely due to the fact that we haven’t seen inventory build up with single-family homes, so the uptick in demand has created tighter market conditions because there’s less choice,” he said.",209,"{""themes"": [""housing""], ""sentiment"": ""neutral"", ""political_parties"": null, ""specific_themes"": null}",17.21992295900418
“Large retailers can switch to local food sooner because of it.”,210,"{""themes"": [""domestic_commerce"", ""agriculture""], ""sentiment"": ""neutral"", ""political_parties"": null, ""specific_themes"": null}",26.664845291001257
"So there’s a conversation we’ll be having with the federal government about how they’re going to offset that so that New Brunswickers don’t feel it,” she said.",211,"{""themes"": [""government_operations""], ""sentiment"": ""neutral"", ""political_parties"": ""null"", ""specific_themes"": ""welfare_state""}",20.66486345800513
Selecting a non-politician as prime minister – Mr.,212,"{""themes"": [""government_operations""], ""sentiment"": ""neutral"", ""political_parties"": null, ""specific_themes"": null}",32.67852479200519
Ng said she was “disappointed” in her colleagues that their dissension did not remain in caucus.,213,"{""themes"": [""government_operations""], ""sentiment"": ""negative"", ""political_parties"": null, ""specific_themes"": null}",31.726294666004833
"“We did expect a cooler and somewhat snowier winter for B.C. a few months ago,” Doyle said.",214,"{""themes"": [""environment""], ""sentiment"": ""neutral"", ""political_parties"": null, ""specific_themes"": null}",21.49863104200631
"Santos, in line with other municipal groups, has pushed for a doubling of that rate, and also asked that that the money be paid to the municipality where students live as opposed to where they are registered to study.",215,"{""themes"": [""education"", ""social_welfare""], ""sentiment"": ""neutral"", ""political_parties"": null, ""specific_themes"": ""public_finance""}",31.40435187499679
"Footage circulated on Palestinian media, which Reuters could not immediately verify, showed people rushing to the bomb site to help evacuate the casualties.",216,"{""themes"": [""law_and_crime""], ""sentiment"": ""negative"", ""political_parties"": null, ""specific_themes"": null}",17.491951250005513
"Métis National Council (MNC) president Cassidy Caron said there has been more progress in the past nine years “than we ever have in our history for the Métis nation,” including the signing of its Canada-Métis Nation Accord and “innovative” co-developed legislation with child welfare.",217,"{""themes"": [""civil_rights"", ""social_welfare""], ""sentiment"": ""positive"", ""political_parties"": null, ""specific_themes"": ""welfare_state""}",30.099518375005573
"The sixth person who was missing in the water was located after a lengthy search and was found dead, Fort Lauderdale Fire Rescue said on X.",218,"{""themes"": [""law_and_crime""], ""sentiment"": ""negative"", ""political_parties"": null, ""specific_themes"": null}",24.8938007090037
"This circadian rhythm regulates a person’s sleep cycle, telling them when to sleep and wake up.",219,"{""themes"": [""health""], ""sentiment"": ""neutral"", ""political_parties"": null, ""specific_themes"": null}",19.28741699999955
"While its close relatives are free-living fish that live on shallow sea floors less than 10 metres deep, the new species, Bathygobius mero, makes its home in a large barrel sponge in deeper waters, between nine and 30 metres below the surface.",220,"{""themes"": [""environment""], ""sentiment"": ""neutral"", ""political_parties"": null, ""specific_themes"": null}",31.818352332993527
Montreal’s dockworkers ended a 72-hour strike on Thursday.,221,"{""themes"": [""labor""], ""sentiment"": ""neutral"", ""political_parties"": null, ""specific_themes"": null}",21.685372292005923
"In true #Swiftie spirit, we accept your generous gift.",222,"{""themes"": [""culture""], ""sentiment"": ""positive"", ""political_parties"": ""null"", ""specific_themes"": ""null""}",19.95290412499162
Support us by subscribing today: The Vancouver Sun | The Province.,223,"{""themes"": null, ""sentiment"": ""positive"", ""political_parties"": null, ""specific_themes"": null}",31.0309957920108
"Asked if the shooting was an assassination attempt, the President said he was awaiting further information from the investigation.",224,"{""themes"": [""law_and_crime""], ""sentiment"": ""neutral"", ""political_parties"": null, ""specific_themes"": null}",20.159830374992453
"In what became a flashpoint incident in the fallout from the Israel-Hamas war, Reisman’s Indigo Store near Bay and Bloor Streets was defaced on Nov. 10, 2023 by pro-Palestinian protesters, who splashed red paint on the windows and plastered dozens of posters of Reisman’s face that accused her of “funding genocide.”",225,"{""themes"": [""international_affairs"", ""civil_rights""], ""sentiment"": ""negative"", ""political_parties"": null, ""specific_themes"": null}",31.510313041013433
"This time, he urged his voters to lock down their ballots in advance and they complied in droves.",226,"{""themes"": [""null""], ""sentiment"": ""positive"", ""political_parties"": ""null"", ""specific_themes"": ""null""}",30.386140832997626
"“Wrongful resignation isn’t really a thing, and that’s because the damages are so minor,” Moody said.",227,"{""themes"": [""law_and_crime"", ""labor""], ""sentiment"": ""neutral"", ""political_parties"": null, ""specific_themes"": null}",22.661274541998864
"Canada's Prime Minister Justin Trudeau, center, speaks during a media conference at a NATO summit in Madrid, Spain on Thursday, June 30, 2022.",228,"{""themes"": [""international_affairs""], ""sentiment"": ""neutral"", ""political_parties"": ""LPC"", ""specific_themes"": null}",26.16245158300444
Singer Billie Joe Armstrong was a fireball of energy — heat be damned — leading the charge with irrepressible charisma and an impish grin.,229,"{""themes"": [null], ""sentiment"": ""positive"", ""political_parties"": null, ""specific_themes"": null}",27.028644125006394
A 10-year-old boy spent most of this year living in an office at the children’s aid society in a small town in southwestern Ontario.,230,"{""themes"": [""social_welfare""], ""sentiment"": ""negative"", ""political_parties"": null, ""specific_themes"": [""welfare_state""]}",32.25130550000176
I think people are really deeply uncomfortable here with Pierre Poilievre — they're worried about that brand of politics.,231,"{""themes"": [""government_operations""], ""sentiment"": ""negative"", ""political_parties"": [""CPC""], ""specific_themes"": null}",24.490485250003985
"She described how she wouldn’t let her kids play on Beach 1, a heavily trafficked strip of stores and restaurants known locally as the Main End, and that other locals wouldn’t either.",232,"{""themes"": [""environment""], ""sentiment"": ""negative"", ""political_parties"": null, ""specific_themes"": null}",27.42717716698826
Poilievre is the only party leader in Parliament who still refuses to obtain the necessary security clearance to access classified documents on foreign governments' political interference activities in Canada.,233,"{""themes"": [""government_operations"", ""international_affairs""], ""sentiment"": ""negative"", ""political_parties"": ""CPC"", ""specific_themes"": ""public_finance""}",29.62884191601188
"François Legault, the premier of Quebec, agreed that there should be additional funding to other provinces so that they can take asylum seekers.",234,"{""themes"": [""immigration"", ""social_welfare""], ""sentiment"": ""positive"", ""political_parties"": ""CAQ"", ""specific_themes"": ""welfare_state""}",25.578796542002237
"Snyder told WPTV that the suspect ""was not armed when we took him out of the car.""",235,"{""themes"": [""law_and_crime""], ""sentiment"": ""neutral"", ""political_parties"": null, ""specific_themes"": null}",18.828294709004695
Police say the baby boy's death is now considered the city's 79th homicide of the year and the homicide unit has taken over the investigation.,236,"{""themes"": [""law_and_crime""], ""sentiment"": ""negative"", ""political_parties"": null, ""specific_themes"": null}",23.75558091698622
"“The team has learned a significant amount of information about the breadth and depth of criminal activity orchestrated by agents of the government of India, and consequential threats to the safety and security of Canadians and individuals living in Canada,” Duheme said.",237,"{""themes"": [""law_and_crime"", ""international_affairs""], ""sentiment"": ""negative"", ""political_parties"": null, ""specific_themes"": null}",21.16734099999303
Next year’s number will go down by another 10 per cent.,238,"{""themes"": [""macroeconomics""], ""sentiment"": ""neutral"", ""political_parties"": null, ""specific_themes"": ""public_finance""}",103.87838983400434
"Seniors’ advocates say some of these closures are part of a developing trend in which nursing-home owners, faced with costly provincial requirements to meet modern design standards, may choose instead to sell the properties to capitalize on the city’s sky-high real estate values.",239,"{""themes"": [""health"", ""housing""], ""sentiment"": ""neutral"", ""political_parties"": null, ""specific_themes"": [""welfare_state""]}",24.266427666996606
"Many areas in Lebanon were heavily damaged during the conflict between Israel and Hezbollah, which ended with a shaky ceasefire.",240,"{""themes"": [""international_affairs"", ""public_lands""], ""sentiment"": ""negative"", ""political_parties"": null, ""specific_themes"": null}",21.60118154200609
"But the team did suggest there's a silver lining: the 1.7 per cent overall death rate among study participants, regardless of whether they received the drug or not, was lower than the mpox mortality seen among all known cases in Congo.",241,"{""themes"": [""health""], ""sentiment"": ""positive"", ""political_parties"": ""null"", ""specific_themes"": ""null""}",20.30283154200879
"The Bloc wants the government to help push through two Bloc bills, Blanchet said.",242,"{""themes"": [""government_operations""], ""sentiment"": ""neutral"", ""political_parties"": [""BQ""], ""specific_themes"": null}",19.195860624997295
"That was immediately on the heels of Trump’s departure from Canada after the 2018 G7 summit in Charlevoix, when the Canada-U.S. relationship hit a nadir.",243,"{""themes"": [""international_affairs"", ""government_operations""], ""sentiment"": ""negative"", ""political_parties"": null, ""specific_themes"": null}",37.31804479198763
"""It's nice to have a place to come back to,"" he said.",244,"{""themes"": [""housing""], ""sentiment"": ""positive"", ""political_parties"": null, ""specific_themes"": null}",39.09481900000537
"World leaders also noted the sombre event, including Prime Minister Justin Trudeau, who in a statement condemned a ""terrifying surge in antisemitism"" over the past year in Canada, in the form of harassment of individuals and vandalism and arson attacks on Jewish institutions.",245,"{""themes"": [""civil_rights""], ""sentiment"": ""negative"", ""political_parties"": [""LPC""], ""specific_themes"": null}",22.04785608300881
“It was the first time that I had heard Mr.,246,"{""themes"": null, ""sentiment"": ""neutral"", ""political_parties"": null, ""specific_themes"": null}",30.074065958004212
"""We're just following procedures,"" explained Gibson.",247,"{""themes"": [""government_operations""], ""sentiment"": ""neutral"", ""political_parties"": null, ""specific_themes"": null}",25.134873375005554
"Acknowledging the system’s flaws, DamiAnn, Sarah’s brother, emphasized the nuance in caring for patients with mental health challenges.",248,"{""themes"": [""health""], ""sentiment"": ""neutral"", ""political_parties"": ""null"", ""specific_themes"": ""null""}",28.56081541599997
"But the retailer, in response to CBC News's earlier investigation — which found a Richmond, B.C., location sold underweighted meat — said that the third party responsible had immediately corrected the problem.",249,"{""themes"": [""domestic_commerce""], ""sentiment"": ""neutral"", ""political_parties"": null, ""specific_themes"": null}",33.32070312499127
"Poilievre’s comments come ahead of another potentially significant Liberal caucus meeting Wednesday, during which members are expected to continue discussions around the party’s leadership and the next election.",250,"{""themes"": [""government_operations""], ""sentiment"": ""neutral"", ""political_parties"": [""LPC""], ""specific_themes"": null}",38.101228500003344
"Live events are televised on the CBC TV network, TSN and Sportsnet.",251,"{""themes"": [""technology""], ""sentiment"": ""neutral"", ""political_parties"": null, ""specific_themes"": null}",29.872208542001317
Another said she is worried about her grandchildren being able to afford to live and work in the province.,252,"{""themes"": [""macroeconomics"", ""social_welfare""], ""sentiment"": ""negative"", ""political_parties"": null, ""specific_themes"": null}",29.512114832992665
The tenants being evicted told CBC they had verbal permission to install cameras.,253,"{""themes"": [""housing""], ""sentiment"": ""neutral"", ""political_parties"": null, ""specific_themes"": null}",39.29544858299778
"On Friday, the leaders of all of the country’s major federal parties marked the 35th anniversary of the shooting and Canada’s National Day of Remembrance and Action on Violence Against Women.",254,"{""themes"": [""civil_rights""], ""sentiment"": ""neutral"", ""political_parties"": null, ""specific_themes"": ""welfare_state""}",27.5173649169883
"The whitehouse.gov website got a makeover, welcoming visitors with a video glorifying Trump to soaring orchestral music before giving way to a landing page boasting that “America is back” in large lettering and an image of Trump.",255,"{""themes"": [""government_operations""], ""sentiment"": ""positive"", ""political_parties"": ""null"", ""specific_themes"": ""null""}",33.248397582996404
"Some rural First Nations communities have become equity shareholders in major infrastructure and natural resources projects in their territories, such as the Nisga’a and the Whispering Pines/Clinton Band, providing many direct and indirect jobs for their members.",256,"{""themes"": [""environment"", ""macroeconomics"", ""labor""], ""sentiment"": ""neutral"", ""political_parties"": ""null"", ""specific_themes"": [""public_finance""]}",26.856050832997425
Among the costs added to the bottom line is a pledge from the Liberals to meet the NATO defence spending targets of two per cent of GDP.,257,"{""themes"": [""defense"", ""macroeconomics""], ""sentiment"": ""neutral"", ""political_parties"": ""LPC"", ""specific_themes"": null}",31.56194608399528
The strike decision comes as travellers head into a busy Canada Day long weekend.,258,"{""themes"": [""labor"", ""transportation""], ""sentiment"": ""neutral"", ""political_parties"": null, ""specific_themes"": null}",25.437279624995426
Déry returned the girl to the camp and told her father that he had found her.,259,"{""themes"": null, ""sentiment"": ""neutral"", ""political_parties"": null, ""specific_themes"": null}",42.22591783400276
"About 54 per cent of Canadians surveyed said there should be laws banning discrimination against LGBTQ people in employment, education, housing and social services — a nine per cent drop from the figure reported in 2021, Ipsos found.",260,"{""themes"": [""civil_rights""], ""sentiment"": ""neutral"", ""political_parties"": null, ""specific_themes"": null}",34.52659604199289
"Steinman’s story speaks to the ailing condo market, which has been flooded with listings while demand from buyers for one-bedroom or studio apartments has disappeared.",261,"{""themes"": [""housing"", ""macroeconomics""], ""sentiment"": ""negative"", ""political_parties"": null, ""specific_themes"": null}",31.75158883300901
"Rami Abdurrahman, who heads the Britain-based Syrian Observatory for Human Rights, an opposition war monitor, said insurgents are now active in the Damascus suburbs of Maadamiyah, Jaramana and Daraya.",262,"{""themes"": [""law_and_crime""], ""sentiment"": ""neutral"", ""political_parties"": null, ""specific_themes"": null}",19.632780750005622
Biden said Trump was with his doctors but hadn't spoken with him.,263,"{""themes"": [""health""], ""sentiment"": ""neutral"", ""political_parties"": null, ""specific_themes"": null}",40.95145812501141
He thought Northern Lakes might be a place to try them locally.,264,"{""themes"": null, ""sentiment"": ""neutral"", ""political_parties"": null, ""specific_themes"": null}",39.48642425000435
Le Pen and her 28-year-old protégée Jordan Bardella can pull off an unprecedented victory or if France will be plunged into political chaos.,265,"{""themes"": [""government_operations""], ""sentiment"": ""neutral"", ""political_parties"": ""null"", ""specific_themes"": ""null""}",37.22265954199247
"Prorogation, if approved, would end the current parliamentary session and kill all legislative business that hasn't passed.",266,"{""themes"": [""government_operations""], ""sentiment"": ""neutral"", ""political_parties"": null, ""specific_themes"": null}",26.434444082988193
Mount Royal University political science professor Lori Williams says Chahal’s call for an urgent caucus meeting may have factored into Trudeau’s decision not to attend.,267,"{""themes"": [""government_operations""], ""sentiment"": ""neutral"", ""political_parties"": [""LPC""], ""specific_themes"": null}",38.08407574999728
They have been charged with six ISIS-related terrorism offences.,268,"{""themes"": [""law_and_crime""], ""sentiment"": ""neutral"", ""political_parties"": null, ""specific_themes"": null}",22.15802708399133
He said he was angry at many things regarding the Iranian strikes and the upcoming one-year anniversary of the Oct. 7 attack.,269,"{""themes"": [""defense"", ""international_affairs""], ""sentiment"": ""negative"", ""political_parties"": null, ""specific_themes"": null}",17.59467029199004
He said it happened over 10 hours with small money donors.,270,"{""themes"": [""public_finance""], ""sentiment"": ""neutral"", ""political_parties"": ""null"", ""specific_themes"": ""null""}",28.621408374994644
"Standing outside a massive construction site in South Vancouver, the 29-year-old woman beams with pride while discussing how this well-paying job pulled her out of poverty.",271,"{""themes"": [""labor"", ""social_welfare""], ""sentiment"": ""positive"", ""political_parties"": null, ""specific_themes"": ""welfare_state""}",33.59561741699872
"The city said it oversees more than 1,400 kilometres of roads and 770 kilometres of lanes, and spends about $15 million annually to rehabilitate them.",272,"{""themes"": [""transportation"", ""government_operations""], ""sentiment"": ""neutral"", ""political_parties"": null, ""specific_themes"": [""public_finance""]}",25.667555291991448
"“For my wife and I, we have three kids, to stay in a hotel is a nightmare because the world’s built for a family of four, and so it’s always an upsell to have to either pay for a family room or two adjoining rooms, which can be very expensive,” said Bert.",273,"{""themes"": [""housing""], ""sentiment"": ""negative"", ""political_parties"": null, ""specific_themes"": null}",126.41981579200365
"In a written statement, B.C.",274,"{""themes"": null, ""sentiment"": null, ""political_parties"": null, ""specific_themes"": null}",24.94882662499731
"In a video released on Wednesday, he said that Justin Trudeau has proven that “he will always cave to corporate greed” — an apparent reference to the decision by Labour Minister Steve MacKinnon to force binding arbitration to end the work stoppage at the country’s major railroads last month.",275,"{""themes"": [""labor"", ""macroeconomics""], ""sentiment"": ""negative"", ""political_parties"": ""LPC"", ""specific_themes"": ""public_finance""}",30.187735041996348
“And you’re not going to fix the issues with an international student cap.”,276,"{""themes"": [""immigration"", ""education""], ""sentiment"": ""negative"", ""political_parties"": null, ""specific_themes"": null}",23.305803625000408
"This time, he has tapped his daughter Tiffany’s father-in-law, Lebanese-American Massad Boulos, to help broker peace in the region as a sort of presidential envoy for Lebanon.",277,"{""themes"": [""international_affairs""], ""sentiment"": ""neutral"", ""political_parties"": null, ""specific_themes"": null}",21.248560874999384
"The bottom line: Biden was not willing, or able, to exert the pressure Trump did, he says, and it's a permanent scar on a presidential legacy with several domestic successes.",278,"{""themes"": [""government_operations""], ""sentiment"": ""negative"", ""political_parties"": null, ""specific_themes"": null}",26.84874050000508
"So in May 2003, her parents marched her into the police station, hoping a chat with a cop would scare her straight.",279,"{""themes"": [""law_and_crime""], ""sentiment"": ""negative"", ""political_parties"": null, ""specific_themes"": null}",22.292044707995956
"Those missiles deliver warheads containing either conventional explosives or potentially biological, chemical or nuclear munitions over varying distances and speeds, depending on the missile type.",280,"{""themes"": [""defense""], ""sentiment"": ""neutral"", ""political_parties"": null, ""specific_themes"": null}",25.48639970899967
“The recent directive published by the ministry of health and social services does not limit the circumstances under which users have the right to receive health and social services in English.,281,"{""themes"": [""health"", ""civil_rights""], ""sentiment"": ""positive"", ""political_parties"": null, ""specific_themes"": null}",36.1134032090049
18.  sgrochowski@postmedia.com    Bookmark our website and support our journalism: Don’t miss the news you need to know — add VancouverSun.com and TheProvince.com to your bookmarks and sign up for our newsletters here.,282,"{""themes"": null, ""sentiment"": ""neutral"", ""political_parties"": null, ""specific_themes"": null}",37.08041087500169
Two voting sites in Cariboo-Chilcotin in the B.C.,283,"{""themes"": [""government_operations""], ""sentiment"": ""neutral"", ""political_parties"": null, ""specific_themes"": null}",15.840043459000299
"When Tat Kuan Cheong died three years ago, he left $17,500 to Celina Kan, his oldest biological daughter, whom he referred to in his will as his niece, the same amount he left to his half sister and less than the $20,000 he left to a goddaughter.",284,"{""themes"": [""law_and_crime""], ""sentiment"": ""neutral"", ""political_parties"": null, ""specific_themes"": null}",26.41618220799137
"But the Treasury Board says 90 per cent of front-line border officers are designated as essential, which means they can’t stop working during a strike.",285,"{""themes"": [""immigration"", ""law_and_crime"", ""labor""], ""sentiment"": ""neutral"", ""political_parties"": null, ""specific_themes"": null}",27.13324791699415
James Grandy in an update shortly before 8 a.m.,286,"{""themes"": null, ""sentiment"": ""neutral"", ""political_parties"": null, ""specific_themes"": null}",23.305256374995224
"The CAQ government’s tightening of French-language rules has upended the relative linguistic peace that had prevailed in Quebec for more than three decades, and follows changes to tuition and funding at two prominent anglophone universities, McGill and Concordia, which are struggling with massive deficits and record declining enrolment.",287,"{""themes"": [""civil_rights"", ""education""], ""sentiment"": ""negative"", ""political_parties"": ""CAQ"", ""specific_themes"": null}",26.403755166000337
"At that time, Lee told Postmedia he felt he had been unfairly questioned and vilified by the media, and said the charitable organizations’ work over the years, including running seniors homes, was “entirely beneficial to society.”",288,"{""themes"": [""social_welfare"", ""housing""], ""sentiment"": ""negative"", ""political_parties"": null, ""specific_themes"": null}",36.86745991700445
"After facing months of pressure, senior government sources tell CTV News that Canada will unveil its plan on Thursday on how to reach its NATO commitment to spend two per cent of its GDP on defence.",289,"{""themes"": [""defense""], ""sentiment"": ""neutral"", ""political_parties"": null, ""specific_themes"": null}",27.89486579199729
"“There is not a scenario where we’ll be supporting back-to-work legislation,” said Matthew Green, NDP’s labour critic.",290,"{""themes"": [""labor""], ""sentiment"": ""neutral"", ""political_parties"": [""NDP""], ""specific_themes"": null}",33.885100665997015
"A recent report from the province’s auditor general “found that the lack of a formal attendance management program, an insufficient number of disability caseworkers and the (Toronto District School Board’s) lax processes around the collection and review of medical notes have all contributed to the increase in sick leave use and related costs,” adding with 40,000 employees this is a glaring gap.",291,"{""themes"": [""labor""], ""sentiment"": ""negative"", ""political_parties"": null, ""specific_themes"": ""welfare_state""}",31.304941833004705
"Hyman, who scored 54 goals in 2023-24, has three this season.",292,"{""themes"": null, ""sentiment"": ""neutral"", ""political_parties"": null, ""specific_themes"": null}",26.307754417008255
"The closest parallel would be President Lyndon Johnson who, besieged by the Vietnam War, announced in March 1968 that he would not seek another term.",293,"{""themes"": [""government_operations""], ""sentiment"": ""neutral"", ""political_parties"": ""null"", ""specific_themes"": ""null""}",20.949826875003055
"“No, we’re not,” Scwhebs answered.",294,"{""themes"": [""null""], ""sentiment"": ""negative"", ""political_parties"": [""null""], ""specific_themes"": ""null""}",23.801769041994703
"On Friday, the Supreme Court stated in a decision written by Justice Malcolm Rowe that the regulations “do not conflict with the Montreal Convention.”",295,"{""themes"": [""law_and_crime""], ""sentiment"": ""neutral"", ""political_parties"": null, ""specific_themes"": null}",22.880909584011533
But he was on the ropes early and often Tuesday when what he needed to do was to hold Harris to account for the entirety of the Biden-Harris White House record.,296,"{""themes"": [""government_operations""], ""sentiment"": ""neutral"", ""political_parties"": ""null"", ""specific_themes"": ""null""}",30.807086290995358
How much is left in that account isn’t known.,297,"{""themes"": null, ""sentiment"": ""neutral"", ""political_parties"": null, ""specific_themes"": null}",19.07469508399663
"Jordan and Israel, which share borders, signed a peace treaty in 1994.",298,"{""themes"": [""international_affairs""], ""sentiment"": ""positive"", ""political_parties"": null, ""specific_themes"": null}",26.3018153749872
"The lawsuit further contends that the act imposes cruel and unusual punishment under Section 12 of the Charter, as it exposes people who use drugs to an increased risk of harm in a manner “degrading, dehumanizing, and incompatible with basic conceptions of human dignity.”",299,"{""themes"": [""law_and_crime""], ""sentiment"": ""negative"", ""political_parties"": null, ""specific_themes"": null}",25.14616316599131
Humidex values could make temperatures feel as warm as 37 to 39 Tuesday through Wednesday.,300,"{""themes"": [""environment""], ""sentiment"": ""neutral"", ""political_parties"": ""null"", ""specific_themes"": ""null""}",27.18351854199136
Trudeau of “pushing her through that guardrail and pushing all Canadians off the fiscal cliff.”,301,"{""themes"": [""macroeconomics""], ""sentiment"": ""negative"", ""political_parties"": ""LPC"", ""specific_themes"": ""public_finance""}",17.292125542007852
"In four sentences, the officer managed to render a decision with profound consequences on the applicant while providing virtually no analysis, ignoring contrary evidence, and relying on an undisclosed and unexplained verification process.",302,"{""themes"": [""law_and_crime""], ""sentiment"": ""negative"", ""political_parties"": null, ""specific_themes"": null}",20.768790540998452
"The consensus in Silicon Valley is shifting against telling people what to think, and it’s about time.",303,"{""themes"": [""civil_rights""], ""sentiment"": ""positive"", ""political_parties"": null, ""specific_themes"": null}",20.455907249997836
"“When prices are increasing by significantly less than two per cent, it’s usually because the economy and the job market are in bad shape.",304,"{""themes"": [""macroeconomics"", ""labor""], ""sentiment"": ""negative"", ""political_parties"": ""null"", ""specific_themes"": ""null""}",21.618766125000548
"The construction of the Capstan station cost around $62 million, TransLink said, with $30 million covered by the transit authority and $32.2 million raised by the City of Richmond from developers with projects in the Capstan Village area.",305,"{""themes"": [""transportation"", ""public_finance""], ""sentiment"": ""neutral"", ""political_parties"": null, ""specific_themes"": ""public_finance""}",282.41364612500183
